rok,univerzita,dotacie,mzdy,dotacie-stud,studenti,studenti-denni,ubyt-kap-sd,ubyt-studenti-sd,prispevok-sd,pub-podiel-07711,pub-podiel-07712,inflation_rate,dotacie_ia
2009,UK,77024564.0,34788075,8631773,28439.0,21819.0,10969.0,9721.0,794240.0,,,1.0,77024560.0
2009,UPJŠ,21034251.0,9489758,2462852,8137.0,7035.0,1776.0,1775.0,128336.0,,,1.0,21034252.0
2009,PU,17921955.0,7287384,3728125,12399.0,7415.0,1913.0,2007.0,161600.0,,,1.0,17921956.0
2009,UCM,6960463.0,3211301,964838,7129.0,4742.0,224.0,222.0,14784.0,,,1.0,6960463.0
2009,UVL,9082561.0,4322490,601068,1454.0,1294.0,830.0,778.0,41584.0,,,1.0,9082561.0
2009,UKF,18362210.0,8352833,2585424,13213.0,8041.0,1599.0,1530.0,128800.0,,,1.0,18362210.0
2009,UMB,18785626.0,8415807,2854500,15235.0,8952.0,2443.0,2210.0,163840.0,,,1.0,18785626.0
2009,TVU,10187719.0,4648317,994407,7516.0,4761.0,,,,,,1.0,10187719.0
2009,STU,54494350.0,25671598,5691770,18654.0,16641.0,6557.0,6412.0,527072.0,,,1.0,54494350.0
2009,TUKE,38076381.0,16650799,6083678,17043.0,12693.0,4984.0,5739.0,383680.0,,,1.0,38076380.0
2009,ŽU,25033613.0,11110616,3831687,12797.0,9360.0,5007.0,4388.0,355120.0,,,1.0,25033612.0
2009,TUAD,8587563.0,3840504,919286,7842.0,4088.0,318.0,229.0,13408.0,,,1.0,8587563.0
2009,EU,19602168.0,8595550,3218519,14385.0,10880.0,3707.0,3487.0,262912.0,,,1.0,19602168.0
2009,SPU,19423615.0,8639319,2559027,10304.0,6965.0,3028.0,2726.0,202896.0,,,1.0,19423616.0
2009,TUZVO,10768636.0,4864323,1477447,4777.0,3223.0,1524.0,1479.0,88800.0,,,1.0,10768636.0
2009,VŠMU,5462927.0,2934061,193213,1052.0,986.0,,,,,,1.0,5462927.0
2009,VŠVU,3640641.0,1881796,143482,690.0,668.0,,,,,,1.0,3640641.0
2009,AU,2863376.0,1448749,278188,593.0,577.0,201.0,149.0,9920.0,,,1.0,2863376.0
2009,KU,13042079.0,5324619,2519886,10206.0,6179.0,727.0,579.0,38256.0,,,1.0,13042079.0
2009,UJS,2576910.0,1069734,535692,2689.0,1420.0,513.0,470.0,37600.0,,,1.0,2576910.0
2010,UK,76955994.0,35154510,7041236,27380.0,21706.0,11012.0,10004.0,793216.0,,,1.0040268456375838,76647340.0
2010,UPJŠ,22020879.0,9576244,2446397,8368.0,7269.0,1776.0,1781.0,127648.0,,,1.0040268456375838,21932560.0
2010,PU,17434872.0,7019168,3218935,11761.0,7409.0,1921.0,2007.0,158288.0,,,1.0040268456375838,17364946.0
2010,UCM,7484225.0,3418191,845305,6992.0,5334.0,224.0,224.0,14336.0,,,1.0040268456375838,7454208.0
2010,UVL,8791849.0,3995447,604476,1626.0,1464.0,899.0,775.0,41744.0,,,1.0040268456375838,8756588.0
2010,UKF,19188933.0,8712336,2129907,12408.0,8159.0,1597.0,1566.0,125280.0,,,1.0040268456375838,19111972.0
2010,UMB,19076191.0,8551067,2798281,13429.0,8380.0,2434.0,2288.0,161280.0,,,1.0040268456375838,18999682.0
2010,TVU,10564304.0,4657750,938332,8224.0,5191.0,,,,,,1.0040268456375838,10521934.0
2010,STU,57204228.0,26615938,4967479,18211.0,16882.0,8556.0,6592.0,523520.0,,,1.0040268456375838,56974800.0
2010,TUKE,39751109.0,16873715,6613796,17585.0,13626.0,4984.0,5986.0,396032.0,,,1.0040268456375838,39591680.0
2010,ŽU,27692163.0,12421058,3783680,11959.0,9288.0,5007.0,4502.0,355120.0,,,1.0040268456375838,27581098.0
2010,TUAD,8393123.0,3770073,736671,8110.0,4139.0,320.0,216.0,12000.0,,,1.0040268456375838,8359460.5
2010,EU,21532693.0,9634391,3186558,13614.0,10704.0,3480.0,3455.0,250496.0,,,1.0040268456375838,21446332.0
2010,SPU,19597966.0,8606921,2483144,9883.0,6953.0,3028.0,2713.0,198416.0,,,1.0040268456375838,19519364.0
2010,TUZVO,11237065.0,5071652,1329814,4951.0,3302.0,1524.0,1415.0,85328.0,,,1.0040268456375838,11191997.0
2010,VŠMU,5327725.0,2901224,129938,1062.0,1009.0,,0.0,0.0,,,1.0040268456375838,5306357.0
2010,VŠVU,4209279.0,2209230,142367,691.0,675.0,,0.0,0.0,,,1.0040268456375838,4192396.8
2010,AU,2993615.0,1479444,321814,640.0,615.0,201.0,156.0,9984.0,,,1.0040268456375838,2981608.5
2010,KU,12150310.0,5535813,1227186,7698.0,4922.0,699.0,590.0,35152.0,,,1.0040268456375838,12101579.0
2010,UJS,2588024.0,988929,607528,2528.0,1480.0,513.0,477.0,38160.0,,,1.0040268456375838,2577644.2
2011,UK,77188587.0,22358025,8006375,27422.0,21919.0,10861.0,9675.0,800848.0,,,1.034228187919463,74634000.0
2011,UPJŠ,22757216.0,6656435,2466042,8699.0,7408.0,1806.0,1657.0,126960.0,,,1.034228187919463,22004058.0
2011,PU,18316144.0,5397622,3960319,10571.0,7048.0,1921.0,1928.0,154240.0,,,1.034228187919463,17709964.0
2011,UCM,7613364.0,2881112,945202,5947.0,4650.0,224.0,209.0,13952.0,,,1.034228187919463,7361396.5
2011,UVL,9159398.0,2974668,647983,1873.0,1689.0,908.0,751.0,26048.0,,,1.034228187919463,8856264.0
2011,UKF,19265704.0,6462251,2405707,12354.0,8268.0,1552.0,1433.0,124080.0,,,1.034228187919463,18628098.0
2011,UMB,18590413.0,6109460,2751876,12349.0,7816.0,2434.0,2225.0,164480.0,,,1.034228187919463,17975156.0
2011,TVU,10243014.0,3368177,950338,7516.0,4574.0,,,0.0,,,1.034228187919463,9904017.0
2011,STU,56943985.0,17138021,4696983,18189.0,17118.0,6724.0,6552.0,533360.0,,,1.034228187919463,55059400.0
2011,TUKE,38957862.0,11880335,6536820,16319.0,12919.0,4984.0,5786.0,414400.0,,,1.034228187919463,37668536.0
2011,ŽU,27056909.0,8217291,3796173,11715.0,9217.0,5044.0,4390.0,354448.0,,,1.034228187919463,26161450.0
2011,TUAD,7677563.0,2740431,779454,5743.0,3259.0,320.0,158.0,10048.0,,,1.034228187919463,7423471.0
2011,EU,20861429.0,7068976,3088214,12759.0,10065.0,3530.0,3152.0,240288.0,,,1.034228187919463,20171012.0
2011,SPU,19237006.0,6282008,2352864,9964.0,7079.0,3028.0,2484.0,164768.0,,,1.034228187919463,18600350.0
2011,TUZVO,11148942.0,3521695,1407840,5235.0,3506.0,1524.0,1460.0,88048.0,,,1.034228187919463,10779963.0
2011,VŠVU,5599140.0,2001169,201493,1052.0,997.0,,,0.0,,,1.034228187919463,5413834.5
2011,VŠMU,4160394.0,1319084,145736,687.0,660.0,,,0.0,,,1.034228187919463,4022704.2
2011,AU,3210870.0,1147907,328497,629.0,590.0,136.0,100.0,6400.0,,,1.034228187919463,3104605.0
2011,KU,11854293.0,3753909,1685056,7353.0,3991.0,631.0,469.0,28992.0,,,1.034228187919463,11461971.0
2011,UJS,2708416.0,916859,591838,2403.0,1561.0,513.0,467.0,37440.0,,,1.034228187919463,2618780.0
2012,UK,59596766.0,22666782,8844243,27422.0,20360.0,10861.0,10099.0,800848.0,,,1.074496644295302,55464824.0
2012,UPJŠ,18046181.0,6998049,2850229,8699.0,7094.0,1806.0,1785.0,126960.0,,,1.074496644295302,16795010.0
2012,PU,13062238.0,5839476,4470705,10571.0,6843.0,1921.0,1954.0,154240.0,,,1.074496644295302,12156611.0
2012,UCM,6701348.0,3098222,1001229,5912.0,4538.0,224.0,218.0,13952.0,,,1.074496644295302,6236732.5
2012,UVL,6715515.0,3041069,808434,1873.0,1572.0,908.0,814.0,26048.0,,,1.074496644295302,6249917.0
2012,UKF,15671333.0,6949623,2670702,12388.0,8060.0,1552.0,1551.0,124080.0,,,1.074496644295302,14584813.0
2012,UMB,15692816.0,6639663,3050082,12349.0,7564.0,2434.0,2328.0,164480.0,,,1.074496644295302,14604807.0
2012,TVU,8195021.0,3601492,1128740,7516.0,4386.0,,,0.0,,,1.074496644295302,7626846.5
2012,STU,46202540.0,17067566,5183162,18226.0,15961.0,6724.0,6715.0,533360.0,,,1.074496644295302,42999240.0
2012,TUKE,29350910.0,12177176,6752009,16319.0,12365.0,4984.0,5843.0,414400.0,,,1.074496644295302,27315962.0
2012,ŽU,20430837.0,8275189,4136075,11715.0,8879.0,5044.0,4499.0,354448.0,,,1.074496644295302,19014332.0
2012,TUAD,5997982.0,2843776,789084,5707.0,3142.0,320.0,158.0,10048.0,,,1.074496644295302,5582132.0
2012,EU,16989556.0,7489611,3112157,12759.0,9808.0,3530.0,3308.0,240288.0,,,1.074496644295302,15811642.0
2012,SPU,15435365.0,6544134,2412016,9964.0,6821.0,3028.0,2536.0,164768.0,,,1.074496644295302,14365205.0
2012,TUZVO,8525810.0,3681714,1498175,5235.0,3353.0,1524.0,1484.0,88048.0,,,1.074496644295302,7934701.5
2012,VŠMU,4922607.0,2043530,242425,1052.0,936.0,,,0.0,,,1.074496644295302,4581314.5
2012,VŠVU,3692731.0,1398953,133417,687.0,603.0,,,0.0,,,1.074496644295302,3436707.8
2012,AU,2663992.0,1187816,293568,629.0,560.0,136.0,100.0,6400.0,,,1.074496644295302,2479293.0
2012,KU,9145252.0,4097915,2031039,7353.0,3825.0,631.0,541.0,28992.0,,,1.074496644295302,8511196.0
2012,UJS,2086538.0,991549,636283,2403.0,1552.0,513.0,468.0,37440.0,,,1.074496644295302,1941874.9
2013,UK,81386261.74,22914507,9129132,27714.0,22447.0,10927.0,10159.0,800800.0,21.29544318,26.63898234,1.1006711409395973,73942400.0
2013,UPJŠ,25847418.24,7266005,2995921,8728.0,7477.0,1806.0,1803.0,131920.0,6.564443569,9.264289837,1.1006711409395973,23483326.0
2013,PU,20814817.01,5924397,4967091,9872.0,6941.0,1933.0,1987.0,156624.0,6.09681663,4.591444476,1.1006711409395973,18911022.0
2013,UCM,8420137.119,3103689,926946,5445.0,4227.0,223.0,218.0,13952.0,2.410894665,2.043675628,1.1006711409395973,7650002.5
2013,UVL,10076863.32,3344291,1016792,2082.0,1901.0,901.0,837.0,66960.0,1.79723299,2.196006338,1.1006711409395973,9155199.0
2013,UKF,20596895.23,6945816,2582975,12208.0,8361.0,1559.0,1559.0,124720.0,6.826387071,5.642482141,1.1006711409395973,18713032.0
2013,UMB,20539225.45,6752735,3121150,12168.0,7966.0,2434.0,2288.0,161360.0,6.572278175,4.964384231,1.1006711409395973,18660638.0
2013,TVU,10644006.71,3621401,1069164,7076.0,4375.0,0.0,0.0,0.0,4.245190706,2.953548672,1.1006711409395973,9670470.0
2013,STU,57961374.83,16787886,5286672,17796.0,17018.0,6538.0,6534.0,519744.0,10.69866399,13.29267174,1.1006711409395973,52660028.0
2013,TUKE,38993318.4,12117940,6583930,15325.0,12284.0,4984.0,5366.0,429280.0,8.141937997,8.445867195,1.1006711409395973,35426856.0
2013,ŽU,27069175.81,8242808,4376498,11352.0,9359.0,5048.0,4534.0,362720.0,3.920745088,3.273069209,1.1006711409395973,24593336.0
2013,TUAD,6978816.807,2504025,700630,4442.0,2897.0,300.0,143.0,4576.0,1.132374735,1.22323737,1.1006711409395973,6340510.5
2013,EU,20702854.54,7175864,3070075,11540.0,9188.0,3365.0,3300.0,243360.0,5.654726965,3.722011865,1.1006711409395973,18809300.0
2013,SPU,20414127.16,6825886,2538394,9850.0,7143.0,3071.0,3013.0,231376.0,4.797678372,4.400455048,1.1006711409395973,18546982.0
2013,TUZVO,11439793.17,3638581,1400300,4862.0,3379.0,1524.0,1430.0,105984.0,3.306724147,2.905539192,1.1006711409395973,10393471.0
2013,VŠMU,5863590.816,2155821,203968,1105.0,1045.0,0.0,0.0,0.0,0.240176429,0.131349296,1.1006711409395973,5327287.0
2013,VŠVU,3783037.785,1321658,123124,672.0,647.0,0.0,0.0,0.0,0.523321016,0.178785006,1.1006711409395973,3437028.2
2013,AU,3310613.091,1223047,289239,613.0,570.0,136.0,108.0,6912.0,0.28472747,0.166907465,1.1006711409395973,3007813.0
2013,KU,12451732.97,3722800,2236645,7754.0,4394.0,648.0,375.0,30400.0,4.611248443,3.356470468,1.1006711409395973,11312855.0
2013,UJS,3066255.821,1044148,633382,2219.0,1556.0,513.0,440.0,35200.0,0.878988361,0.60882249,1.1006711409395973,2785805.5
2014,UK,87178106.0,24825894,8971933,27553.0,22693.0,10923.0,10090.0,798352.0,21.09411276,30.21748703,1.1006711409395973,79204500.0
2014,UPJŠ,25039139.0,7786973,2165758,8441.0,7341.0,1806.0,1626.0,126832.0,5.717270987,8.952648304,1.1006711409395973,22748974.0
2014,PU,20109134.0,6557780,3564469,10105.0,7478.0,1937.0,2011.0,160880.0,6.567317392,3.961672086,1.1006711409395973,18269884.0
2014,UCM,9194847.0,3594294,1025399,5984.0,4541.0,224.0,215.0,13760.0,3.011222711,2.002218503,1.1006711409395973,8353855.0
2014,UVL,10905927.0,3838187,793973,2185.0,2007.0,901.0,866.0,69280.0,1.906589432,2.725992942,1.1006711409395973,9908434.0
2014,UKF,20192249.0,7364745,2490427,11714.0,8141.0,1715.0,1713.0,137040.0,6.600709248,5.327422713,1.1006711409395973,18345396.0
2014,UMB,19212263.0,6670186,2454666,11387.0,7826.0,2434.0,2306.0,162720.0,6.234504895,4.158508836,1.1006711409395973,17455044.0
2014,TVU,10566731.0,3918882,864892,6653.0,4409.0,0.0,0.0,0.0,4.196544869,2.838505292,1.1006711409395973,9600262.0
2014,STU,56949202.0,17238516,6049259,17125.0,16580.0,6544.0,6536.0,519904.0,10.27895579,12.97957678,1.1006711409395973,51740430.0
2014,TUKE,39102117.0,12265454,6013570,13169.0,10762.0,4984.0,4788.0,383040.0,8.969225285,8.751254489,1.1006711409395973,35525704.0
2014,ŽU,28387075.0,8663995,4672929,11140.0,9399.0,5024.0,4481.0,358480.0,4.100900872,3.400564318,1.1006711409395973,25790696.0
2014,TUAD,6577023.0,2416530,658642,3875.0,2568.0,306.0,141.0,10144.0,1.283835793,1.230419297,1.1006711409395973,5975466.0
2014,EU,19766094.0,7203899,2791137,10659.0,8668.0,3583.0,3291.0,232896.0,4.966013904,2.691856243,1.1006711409395973,17958220.0
2014,SPU,21054167.0,7161881,2607714,9481.0,7147.0,2740.0,2677.0,193696.0,5.159779882,4.032557406,1.1006711409395973,19128480.0
2014,TUZVO,11135502.0,3738020,1401271,4502.0,3274.0,1524.0,1472.0,117760.0,3.491128128,3.129649862,1.1006711409395973,10117011.0
2014,VŠMU,5758098.0,2263748,182079,1094.0,1048.0,0.0,0.0,0.0,0.24954437,0.122355103,1.1006711409395973,5231442.5
2014,VŠVU,3864397.0,1389622,96892,674.0,653.0,0.0,0.0,0.0,0.480674749,0.1340261,1.1006711409395973,3510946.0
2014,AU,3641249.0,1368141,315466,586.0,542.0,136.0,108.0,6912.0,0.30950764,0.113046465,1.1006711409395973,3308208.0
2014,KU,11778248.0,4088371,1542090,7517.0,4737.0,667.0,550.0,29936.0,4.249182814,2.581258429,1.1006711409395973,10700969.0
2014,UJS,3121950.0,1168169,512735,2061.0,1533.0,513.0,464.0,37120.0,1.132978476,0.648979806,1.1006711409395973,2836405.8
2015,UK,90332246.0,27611369,9642533,27593.0,20456.0,10940.0,10076.0,803696.0,24.28317092,26.73440924,1.0959731543624163,82421950.0
2015,UPJŠ,27971778.0,8345810,2423664,8213.0,6028.0,1826.0,1617.0,124896.0,7.298099339,8.285886086,1.0959731543624163,25522320.0
2015,PU,20452179.0,6505160,3810466,9817.0,7028.0,1943.0,2027.0,162160.0,5.518930483,4.229708044,1.0959731543624163,18661204.0
2015,UCM,9260692.0,3414439,1163974,6397.0,4534.0,224.0,211.0,6752.0,2.586973912,2.193657358,1.0959731543624163,8449743.0
2015,UVL,11527039.0,4445291,867559,2344.0,2037.0,903.0,773.0,61840.0,2.194468133,2.19750817,1.0959731543624163,10517629.0
2015,UKF,19494160.0,7080788,2259209,10811.0,7270.0,1701.0,1700.0,136000.0,4.986715527,4.301412828,1.0959731543624163,17787078.0
2015,UMB,19453502.0,6375887,2741873,10417.0,6978.0,2434.0,2310.0,162960.0,4.788130484,3.996822416,1.0959731543624163,17749980.0
2015,TVU,9900927.0,3556003,845093,6152.0,3973.0,0.0,0.0,0.0,3.106824056,2.311560825,1.0959731543624163,9033914.0
2015,STU,56970638.0,16774399,6443076,16399.0,13919.0,6542.0,6536.0,519904.0,11.89565331,13.92394026,1.0959731543624163,51981784.0
2015,TUKE,38829443.0,11933257,5563474,11694.0,9278.0,4992.0,4307.0,344560.0,10.81533835,11.35425328,1.0959731543624163,35429190.0
2015,ŽU,30935455.0,9144109,4586363,10434.5,8654.5,5026.0,4458.0,356640.0,4.388672248,4.755332877,1.0959731543624163,28226472.0
2015,TUAD,6590406.0,2349776,623867,3480.0,2332.0,215.0,154.0,12320.0,1.390139304,1.389789195,1.0959731543624163,6013291.5
2015,EU,19299757.0,6773204,2657475,10139.0,7805.0,3017.0,2916.0,209376.0,4.387220153,3.693615198,1.0959731543624163,17609698.0
2015,SPU,21341628.0,7027528,2684009,9024.0,6632.0,3242.0,2855.0,209728.0,4.536125933,4.189883119,1.0959731543624163,19472766.0
2015,TUZVO,10989141.0,3590378,1546907,4211.0,2933.0,1524.0,1385.0,110800.0,3.234608449,3.070015959,1.0959731543624163,10026834.0
2015,VŠMU,5434966.0,2274352,158756,1068.0,1019.0,0.0,0.0,0.0,0.122680058,0.064534305,1.0959731543624163,4959032.0
2015,VŠVU,4326912.0,1448395,94711,651.0,553.0,0.0,0.0,0.0,0.217286271,0.037678208,1.0959731543624163,3948009.0
2015,AU,3534568.0,1351373,179555,582.0,495.0,136.0,110.0,7040.0,0.18666026,0.075522399,1.0959731543624163,3225049.8
2015,KU,11715957.0,3810392,1996213,6773.0,4160.0,678.0,527.0,29616.0,3.076418059,2.483430994,1.0959731543624163,10690004.0
2015,UJS,3228115.0,1208384,488182,1911.0,1436.0,513.0,428.0,34240.0,0.985884753,0.711039239,1.0959731543624163,2945432.5
2016,UK,95623262.0,29528162,9277513,26504.0,19684.0,10893.0,9461.0,754640.0,23.53958906,25.31910794,1.089261744966443,87787224.0
2016,UPJŠ,29377578.0,8341987,2471553,7837.0,5677.0,1826.0,1718.0,132160.0,7.733496018,8.646408388,1.089261744966443,26970174.0
2016,PU,21135921.0,7022726,3781275,9412.0,6759.0,1934.0,1964.0,157120.0,5.363718339,4.35700014,1.089261744966443,19403896.0
2016,UCM,11162466.0,4334052,1161794,6165.0,4336.0,224.0,201.0,6432.0,2.620609531,2.460805462,1.089261744966443,10247735.0
2016,UVL,12244578.0,4935390,877891,2239.0,1977.0,902.0,760.0,60800.0,2.071509763,1.974464673,1.089261744966443,11241171.0
2016,UKF,21512826.0,7615253,2502876,9958.0,6894.0,1686.0,1677.0,134160.0,5.172029656,4.265257039,1.089261744966443,19749914.0
2016,UMB,20546007.0,6502192,2995466,9988.0,6793.0,2434.0,2281.0,160816.0,4.697344958,3.958908696,1.089261744966443,18862324.0
2016,TVU,11162890.0,3799201,948751,5499.0,3575.0,300.0,300.0,9600.0,3.097481716,2.368491549,1.089261744966443,10248125.0
2016,STU,59878811.0,17720601,6751201,15411.0,12940.0,6530.0,6528.0,519264.0,12.38810396,14.27314801,1.089261744966443,54971920.0
2016,TUKE,40491181.0,12752121,4897215,10633.0,8622.0,4986.0,4126.0,330080.0,10.90438008,11.57262162,1.089261744966443,37173050.0
2016,ŽU,32332491.0,9546045,4526041,10162.0,8366.0,5002.0,4247.0,305616.0,4.815145188,5.095294923,1.089261744966443,29682940.0
2016,TUAD,5989702.0,2084582,528429,2958.0,1951.0,215.0,142.0,11360.0,1.315732974,1.359740623,1.089261744966443,5498864.0
2016,EU,18961793.0,6816132,2495740,9336.0,7226.0,2558.0,2672.0,192032.0,4.250895047,3.757983234,1.089261744966443,17407930.0
2016,SPU,22448022.0,7583985,2501905,8704.0,6468.0,2736.0,2608.0,195488.0,4.271514138,4.050937203,1.089261744966443,20608474.0
2016,TUZVO,12228681.0,3843880,1443465,3863.0,2763.0,1486.0,1355.0,108400.0,3.20483062,2.980479643,1.089261744966443,11226577.0
2016,VŠMU,5372616.0,2269399,195731,1032.0,895.0,,0.0,0.0,0.141214444,0.071498995,1.089261744966443,4932346.0
2016,VŠVU,4243782.0,1569150,100109,635.0,534.0,,0.0,0.0,0.213847117,0.05157966,1.089261744966443,3896016.8
2016,AU,3516930.0,1487361,64124,548.0,497.0,136.0,108.0,6912.0,0.168517524,0.05641187,1.089261744966443,3228728.0
2016,KU,11546957.0,4310846,910995,6016.0,3939.0,678.0,359.0,17920.0,2.971539173,2.471473722,1.089261744966443,10600718.0
2016,UJS,3549180.0,1337832,494675,1773.0,1265.0,413.0,372.0,29760.0,1.058500696,0.908386611,1.089261744966443,3258335.2
2017,UK,98604885.0,29343511,10563775,25694.0,18420.0,10891.0,10067.0,803968.0,24.15143883,26.22270614,1.0966442953020135,89915100.0
2017,UPJŠ,28637711.0,9021297,2375637,7576.0,5352.0,1776.0,1527.0,119968.0,8.147619654,8.725830668,1.0966442953020135,26113946.0
2017,PU,21700934.0,7513376,3544213,9238.0,6664.0,1933.0,1946.0,155680.0,5.133501716,4.040916781,1.0966442953020135,19788490.0
2017,UCM,11392966.0,4485974,994500,6185.0,4311.0,224.0,202.0,6464.0,2.837677778,2.618140035,1.0966442953020135,10388935.0
2017,UVL,12929318.0,5456897,756338,2242.0,2010.0,901.0,770.0,61600.0,1.907289707,1.988153353,1.0966442953020135,11789892.0
2017,UKF,21360450.0,7675552,2252489,9153.0,6555.0,1643.0,1643.0,131440.0,4.861426554,4.174987775,1.0966442953020135,19478012.0
2017,UMB,19964461.0,6888071,2061279,9098.0,6246.0,2434.0,2272.0,174080.0,4.453780891,3.642025937,1.0966442953020135,18205048.0
2017,TVU,11098001.0,3850832,907098,5176.0,3381.0,316.0,292.0,9344.0,3.182189547,2.436932289,1.0966442953020135,10119964.0
2017,STU,59619768.0,17936425,6483871,14397.0,12073.0,6550.0,5542.0,440384.0,12.35318548,14.19275265,1.0966442953020135,54365640.0
2017,TUKE,39727142.0,12644677,4378338,9719.0,7959.0,4986.0,4049.0,323920.0,11.12203564,11.49976802,1.0966442953020135,36226096.0
2017,ŽU,32477817.0,10321701,3855574,9763.0,7762.0,5032.0,4097.0,283072.0,4.887154977,5.225980913,1.0966442953020135,29615634.0
2017,TUAD,6157550.0,2117193,427103,2707.0,1766.0,215.0,117.0,9360.0,1.318922302,1.30409332,1.0966442953020135,5614902.0
2017,EU,18790968.0,6667616,2470133,8546.0,6591.0,2792.0,2466.0,165408.0,3.900483546,3.523768375,1.0966442953020135,17134970.0
2017,SPU,22983081.0,7945808,2654280,8323.0,6160.0,2736.0,2608.0,195488.0,4.108763117,4.115127912,1.0966442953020135,20957644.0
2017,TUZVO,11834689.0,3830587,1106558,3484.0,2445.0,1434.0,1155.0,92400.0,3.170668196,3.010587951,1.0966442953020135,10791730.0
2017,VŠMU,6967825.0,2716198,140324,1017.0,877.0,0.0,0.0,0.0,0.226884996,0.063090944,1.0966442953020135,6353769.5
2017,VŠVU,4130565.0,1574099,117869,640.0,557.0,0.0,0.0,0.0,0.248643225,0.052545487,1.0966442953020135,3766549.5
2017,AU,3899515.0,1585960,100916,552.0,496.0,136.0,108.0,6912.0,0.166553594,0.048320707,1.0966442953020135,3555861.2
2017,KU,10826815.0,3882266,1319256,4771.0,3103.0,665.0,322.0,15344.0,2.568677571,2.050774252,1.0966442953020135,9872677.0
2017,UJS,3695898.0,1435601,474320,1734.0,1253.0,413.0,371.0,29680.0,1.253102688,1.0634965,1.0966442953020135,3370188.5
2018,UK,103051867.0,32723046,10004050,24445.0,17632.0,10882.0,9740.0,718224.0,24.69585858,27.23966311,1.123489932885906,91724780.0
2018,UPJŠ,32298167.0,10262805,2324348,7449.0,5113.0,1776.0,1702.0,130944.0,8.722792247,9.99609899,1.123489932885906,28748070.0
2018,PU,23202487.0,8553963,3345616,9153.0,6782.0,1933.0,1947.0,155760.0,5.371017524,3.673429203,1.123489932885906,20652154.0
2018,UCM,11764367.0,4959662,894425,6147.0,4200.0,224.0,204.0,6528.0,2.749673775,2.475623829,1.123489932885906,10471271.0
2018,UVL,13557866.0,5937554,737398,2035.0,1818.0,825.0,665.0,53200.0,1.782804223,2.06748583,1.123489932885906,12067635.0
2018,UKF,22284730.0,8015627,2329050,8289.0,6033.0,1643.0,1643.0,131440.0,4.720541444,4.068592073,1.123489932885906,19835274.0
2018,UMB,20943535.0,7240408,2434150,7985.5,5566.5,2439.0,2290.0,175328.0,4.520263185,3.640290727,1.123489932885906,18641498.0
2018,TVU,11684633.0,4364870,834196,4944.0,3253.0,316.0,294.0,9408.0,3.235994673,2.237408226,1.123489932885906,10400301.0
2018,STU,59950735.0,18959089,6374063,13228.0,11053.0,6278.0,6272.0,498784.0,11.06740343,12.53440113,1.123489932885906,53361170.0
2018,TUKE,40293713.0,13617218,4541499,9052.0,7667.0,4986.0,4069.0,325520.0,10.81483981,11.12516498,1.123489932885906,35864776.0
2018,ŽU,33430198.0,10899800,3721181,9032.0,7384.0,5032.0,3777.0,256800.0,5.07387728,6.124376607,1.123489932885906,29755672.0
2018,TUAD,6117997.0,2221606,379151,2376.0,1510.0,215.0,122.0,9760.0,1.330371986,1.228821656,1.123489932885906,5445529.0
2018,EU,20230665.0,7301362,2422592,7944.0,6357.0,2895.0,2528.0,166288.0,3.934771404,3.05114583,1.123489932885906,18006984.0
2018,SPU,23609962.0,8504468,2439651,7582.0,5720.0,2688.0,2557.0,191552.0,4.463248306,4.315041166,1.123489932885906,21014840.0
2018,TUZVO,12056653.0,3975459,1040596,3033.0,2137.0,1434.0,1078.0,86240.0,3.310735928,3.420075236,1.123489932885906,10731429.0
2018,VŠMU,8204570.0,3326020,185839,1030.0,885.0,0.0,0.0,0.0,0.275205715,0.073496077,1.123489932885906,7302753.5
2018,VŠVU,4955364.0,1968766,103989,662.0,588.0,0.0,0.0,0.0,0.188435848,0.028790571,1.123489932885906,4410688.5
2018,AU,4171545.0,1848007,166105,553.0,501.0,136.0,108.0,6912.0,0.19904933,0.032720167,1.123489932885906,3713024.0
2018,KU,10368261.0,3905252,1097957,4177.0,2666.0,642.0,466.0,19232.0,2.252478713,1.568096062,1.123489932885906,9228619.0
2018,UJS,3944228.0,1519602,548190,1741.0,1250.0,413.0,362.0,28960.0,1.2906366,1.09927852,1.123489932885906,3510692.8
2019,UK,102389909.0,33270007,9783679,23545.0,16860.0,10852.0,9683.0,728848.0,23.38343162,25.77644686,1.1483221476510066,89164790.0
2019,UPJŠ,34257245.0,11115051,2146378,7382.0,4995.0,1796.0,1705.0,131008.0,11.85769713,14.08244217,1.1483221476510066,29832434.0
2019,PU,22687476.0,8552406,2997073,8689.0,6579.0,1925.0,1963.0,157040.0,4.404671176,3.154602935,1.1483221476510066,19757066.0
2019,UCM,11786096.0,4975094,830121,5738.0,3966.0,237.0,197.0,6304.0,2.201883774,2.151540096,1.1483221476510066,10263754.0
2019,UVL,13302683.0,5845687,674116,1895.0,1704.0,825.0,637.0,40768.0,1.887706498,1.87817367,1.1483221476510066,11584452.0
2019,UKF,21631622.0,7718201,2046025,7679.0,5598.0,1643.0,1628.0,130240.0,4.139551413,3.544531873,1.1483221476510066,18837590.0
2019,UMB,20286573.0,7099148,2188669,7097.0,5086.0,2588.0,2264.0,92224.0,4.34180963,3.569555388,1.1483221476510066,17666274.0
2019,TVU,11431705.0,4289872,724580,4672.0,3060.0,316.0,296.0,9472.0,2.898146552,2.356919984,1.1483221476510066,9955138.0
2019,STU,59095995.0,18579883,5899552,11879.0,9813.0,6629.0,6378.0,508768.0,11.76807504,12.03561187,1.1483221476510066,51462908.0
2019,TUKE,41007370.0,13628376,4561757,8804.0,7497.0,4986.0,4270.0,341600.0,10.86746252,11.6296199,1.1483221476510066,35710684.0
2019,ŽU,34552339.0,10994390,3726079,8307.0,7042.0,5032.0,3845.0,259120.0,5.537708462,5.45166736,1.1483221476510066,30089412.0
2019,TUAD,8985706.0,2130946,369063,2062.0,1374.0,215.0,104.0,8320.0,1.099068403,1.002777213,1.1483221476510066,7825074.0
2019,EU,19476848.0,7151743,2210960,7376.0,6110.0,2811.0,2456.0,172560.0,3.211174661,2.184366906,1.1483221476510066,16961136.0
2019,SPU,22952869.0,8334499,2239295,6820.0,5224.0,2603.0,2409.0,179664.0,4.207260675,4.056721004,1.1483221476510066,19988180.0
2019,TUZVO,13131864.0,4312470,1090372,2680.0,1912.0,1434.0,998.0,79840.0,4.985056123,4.756212812,1.1483221476510066,11435697.0
2019,VŠMU,8261537.0,3366153,114409,1038.0,866.0,0.0,0.0,0.0,0.100599857,0.030693184,1.1483221476510066,7194442.0
2019,VŠVU,4917691.0,2075631,77000,655.0,588.0,0.0,0.0,0.0,0.168585627,0.029081118,1.1483221476510066,4282501.0
2019,AU,4355457.0,1939438,149566,564.0,504.0,136.0,108.0,6912.0,0.116859196,0.01845501,1.1483221476510066,3792887.8
2019,KU,9598736.0,3606449,955393,3692.0,2440.0,647.0,472.0,18752.0,1.756359769,1.331955221,1.1483221476510066,8358922.5
2019,UJS,3935646.0,1571035,434211,1732.0,1234.0,413.0,374.0,29920.0,1.066891889,0.958625428,1.1483221476510066,3427301.2
